,created_at,l1
0,2023-10-02 23:59:59.893,523.591064453125
1,2023-10-02 23:59:59.647,521.7890014648438
2,2023-10-02 23:59:59.393,523.7548828125
3,2023-10-02 23:59:59.143,524.4102172851562
4,2023-10-02 23:59:58.893,523.591064453125
5,2023-10-02 23:59:58.643,520.5330200195312
6,2023-10-02 23:59:58.393,521.6251220703125
7,2023-10-02 23:59:58.143,522.9904174804688
8,2023-10-02 23:59:57.893,522.3350830078125
9,2023-10-02 23:59:57.643,521.5159301757812
10,2023-10-02 23:59:57.390,522.1166381835938
11,2023-10-02 23:59:57.140,522.9904174804688
12,2023-10-02 23:59:56.893,522.2258911132812
13,2023-10-02 23:59:56.643,522.1712646484375
14,2023-10-02 23:59:56.393,521.570556640625
15,2023-10-02 23:59:56.140,523.8641357421875
16,2023-10-02 23:59:55.890,522.4989013671875
17,2023-10-02 23:59:55.640,522.3350830078125
18,2023-10-02 23:59:55.390,522.2258911132812
19,2023-10-02 23:59:55.140,522.935791015625
20,2023-10-02 23:59:54.887,522.3897094726562
21,2023-10-02 23:59:54.640,523.0450439453125
22,2023-10-02 23:59:54.387,521.3521118164062
23,2023-10-02 23:59:54.140,522.608154296875
24,2023-10-02 23:59:53.887,521.2428588867188
25,2023-10-02 23:59:53.637,521.6797485351562
26,2023-10-02 23:59:53.390,520.4783935546875
27,2023-10-02 23:59:53.137,521.6251220703125
28,2023-10-02 23:59:52.887,522.1712646484375
29,2023-10-02 23:59:52.637,521.6251220703125
30,2023-10-02 23:59:52.387,521.40673828125
31,2023-10-02 23:59:52.137,521.0791015625
32,2023-10-02 23:59:51.887,522.1166381835938
33,2023-10-02 23:59:51.637,522.1166381835938
34,2023-10-02 23:59:51.387,520.5875854492188
35,2023-10-02 23:59:51.137,520.9698486328125
36,2023-10-02 23:59:50.887,522.2258911132812
37,2023-10-02 23:59:50.637,523.4273071289062
38,2023-10-02 23:59:50.383,522.3350830078125
39,2023-10-02 23:59:50.133,522.77197265625
40,2023-10-02 23:59:49.887,523.8641357421875
41,2023-10-02 23:59:49.633,523.8641357421875
42,2023-10-02 23:59:49.387,521.7890014648438
43,2023-10-02 23:59:49.133,522.8811645507812
44,2023-10-02 23:59:48.883,523.3179931640625
45,2023-10-02 23:59:48.630,521.9528198242188
46,2023-10-02 23:59:48.380,521.6797485351562
47,2023-10-02 23:59:48.133,522.7173461914062
48,2023-10-02 23:59:47.880,522.2258911132812
49,2023-10-02 23:59:47.630,524.3556518554688
50,2023-10-02 23:59:47.380,523.7548828125
51,2023-10-02 23:59:47.130,524.0279541015625
52,2023-10-02 23:59:46.880,524.1371459960938
53,2023-10-02 23:59:46.630,524.3556518554688
54,2023-10-02 23:59:46.380,525.8846435546875
55,2023-10-02 23:59:46.130,525.1747436523438
56,2023-10-02 23:59:45.880,524.2463989257812
57,2023-10-02 23:59:45.630,523.7548828125
58,2023-10-02 23:59:45.380,522.8811645507812
59,2023-10-02 23:59:45.130,524.1371459960938
60,2023-10-02 23:59:44.880,523.1542358398438
61,2023-10-02 23:59:44.630,522.1166381835938
62,2023-10-02 23:59:44.380,523.0450439453125
63,2023-10-02 23:59:44.130,523.263427734375
64,2023-10-02 23:59:43.880,522.4989013671875
65,2023-10-02 23:59:43.630,522.3897094726562
66,2023-10-02 23:59:43.380,521.6251220703125
67,2023-10-02 23:59:43.130,523.8095092773438
68,2023-10-02 23:59:42.877,524.0279541015625
69,2023-10-02 23:59:42.630,521.9528198242188
70,2023-10-02 23:59:42.377,524.0279541015625
71,2023-10-02 23:59:42.127,524.0825805664062
72,2023-10-02 23:59:41.877,523.8095092773438
73,2023-10-02 23:59:41.627,524.5194091796875
74,2023-10-02 23:59:41.377,524.5740356445312
75,2023-10-02 23:59:41.130,525.1201782226562
76,2023-10-02 23:59:40.877,525.3385620117188
77,2023-10-02 23:59:40.630,523.4273071289062
78,2023-10-02 23:59:40.377,523.8095092773438
79,2023-10-02 23:59:40.130,521.570556640625
80,2023-10-02 23:59:39.877,523.4818725585938
81,2023-10-02 23:59:39.627,522.8811645507812
82,2023-10-02 23:59:39.377,521.8436279296875
83,2023-10-02 23:59:39.130,523.8641357421875
84,2023-10-02 23:59:38.877,525.0655517578125
85,2023-10-02 23:59:38.627,524.5740356445312
86,2023-10-02 23:59:38.377,524.5194091796875
87,2023-10-02 23:59:38.130,525.0655517578125
88,2023-10-02 23:59:37.873,524.6832885742188
89,2023-10-02 23:59:37.627,524.956298828125
90,2023-10-02 23:59:37.373,523.0450439453125
91,2023-10-02 23:59:37.127,523.1542358398438
92,2023-10-02 23:59:36.877,521.7890014648438
93,2023-10-02 23:59:36.627,524.0825805664062
94,2023-10-02 23:59:36.377,521.0791015625
95,2023-10-02 23:59:36.127,521.7890014648438
96,2023-10-02 23:59:35.877,521.2428588867188
97,2023-10-02 23:59:35.627,521.9528198242188
98,2023-10-02 23:59:35.373,522.935791015625
99,2023-10-02 23:59:35.127,522.2258911132812
100,2023-10-02 23:59:34.873,520.8060302734375
101,2023-10-02 23:59:34.627,522.2258911132812
102,2023-10-02 23:59:34.373,523.3179931640625
103,2023-10-02 23:59:34.127,521.8436279296875
104,2023-10-02 23:59:33.873,522.7173461914062
105,2023-10-02 23:59:33.623,522.3350830078125
106,2023-10-02 23:59:33.377,523.5364990234375
107,2023-10-02 23:59:33.127,523.3179931640625
108,2023-10-02 23:59:32.877,521.2428588867188
109,2023-10-02 23:59:32.627,523.7548828125
110,2023-10-02 23:59:32.373,522.6627197265625
111,2023-10-02 23:59:32.127,523.263427734375
112,2023-10-02 23:59:31.873,523.3179931640625
113,2023-10-02 23:59:31.627,523.0450439453125
114,2023-10-02 23:59:31.373,522.3350830078125
115,2023-10-02 23:59:31.127,523.3179931640625
116,2023-10-02 23:59:30.873,523.1542358398438
117,2023-10-02 23:59:30.623,521.6797485351562
118,2023-10-02 23:59:30.377,521.7890014648438
119,2023-10-02 23:59:30.127,523.4273071289062
120,2023-10-02 23:59:29.873,522.8811645507812
121,2023-10-02 23:59:29.623,521.7890014648438
122,2023-10-02 23:59:29.373,520.5875854492188
123,2023-10-02 23:59:29.120,522.1712646484375
124,2023-10-02 23:59:28.873,521.6797485351562
125,2023-10-02 23:59:28.620,522.1712646484375
126,2023-10-02 23:59:28.370,522.1712646484375
127,2023-10-02 23:59:28.123,524.79248046875
128,2023-10-02 23:59:27.873,523.591064453125
129,2023-10-02 23:59:27.623,521.898193359375
130,2023-10-02 23:59:27.373,523.2088012695312
131,2023-10-02 23:59:27.127,523.0450439453125
132,2023-10-02 23:59:26.873,522.3350830078125
133,2023-10-02 23:59:26.623,521.0244750976562
134,2023-10-02 23:59:26.370,521.9528198242188
135,2023-10-02 23:59:26.120,521.8436279296875
136,2023-10-02 23:59:25.870,523.7003173828125
137,2023-10-02 23:59:25.620,521.7890014648438
138,2023-10-02 23:59:25.370,520.04150390625
139,2023-10-02 23:59:25.123,520.4237670898438
140,2023-10-02 23:59:24.873,520.7514038085938
141,2023-10-02 23:59:24.620,520.5875854492188
142,2023-10-02 23:59:24.370,520.8606567382812
143,2023-10-02 23:59:24.120,520.5875854492188
144,2023-10-02 23:59:23.870,520.9698486328125
145,2023-10-02 23:59:23.620,521.2428588867188
146,2023-10-02 23:59:23.367,518.9493408203125
147,2023-10-02 23:59:23.120,522.4989013671875
148,2023-10-02 23:59:22.867,522.77197265625
149,2023-10-02 23:59:22.617,522.935791015625
150,2023-10-02 23:59:22.367,523.2088012695312
151,2023-10-02 23:59:22.117,523.3179931640625
152,2023-10-02 23:59:21.867,522.6627197265625
153,2023-10-02 23:59:21.617,523.9733276367188
154,2023-10-02 23:59:21.370,522.06201171875
155,2023-10-02 23:59:21.117,522.2258911132812
156,2023-10-02 23:59:20.867,521.2974853515625
157,2023-10-02 23:59:20.617,521.0791015625
158,2023-10-02 23:59:20.367,521.1336669921875
159,2023-10-02 23:59:20.117,520.2599487304688
160,2023-10-02 23:59:19.863,521.898193359375
161,2023-10-02 23:59:19.613,522.06201171875
162,2023-10-02 23:59:19.363,521.2428588867188
163,2023-10-02 23:59:19.113,522.06201171875
164,2023-10-02 23:59:18.863,523.9733276367188
165,2023-10-02 23:59:18.613,523.263427734375
166,2023-10-02 23:59:18.363,522.06201171875
167,2023-10-02 23:59:18.113,522.935791015625
168,2023-10-02 23:59:17.863,523.4273071289062
169,2023-10-02 23:59:17.613,522.3350830078125
170,2023-10-02 23:59:17.363,521.6251220703125
171,2023-10-02 23:59:17.113,521.5159301757812
172,2023-10-02 23:59:16.863,523.7003173828125
173,2023-10-02 23:59:16.610,523.591064453125
174,2023-10-02 23:59:16.363,521.1336669921875
175,2023-10-02 23:59:16.110,521.6251220703125
176,2023-10-02 23:59:15.863,521.3521118164062
177,2023-10-02 23:59:15.613,523.8641357421875
178,2023-10-02 23:59:15.363,521.40673828125
179,2023-10-02 23:59:15.113,522.3350830078125
180,2023-10-02 23:59:14.860,522.3350830078125
181,2023-10-02 23:59:14.613,523.0450439453125
182,2023-10-02 23:59:14.363,523.1542358398438
183,2023-10-02 23:59:14.110,521.40673828125
184,2023-10-02 23:59:13.860,521.898193359375
185,2023-10-02 23:59:13.610,522.4442749023438
186,2023-10-02 23:59:13.360,521.9528198242188
187,2023-10-02 23:59:13.110,520.3145141601562
188,2023-10-02 23:59:12.860,521.6797485351562
189,2023-10-02 23:59:12.610,522.1712646484375
190,2023-10-02 23:59:12.360,522.608154296875
191,2023-10-02 23:59:12.110,521.6797485351562
192,2023-10-02 23:59:11.857,522.1712646484375
193,2023-10-02 23:59:11.607,523.0450439453125
194,2023-10-02 23:59:11.357,521.8436279296875
195,2023-10-02 23:59:11.110,521.0791015625
196,2023-10-02 23:59:10.857,521.9528198242188
197,2023-10-02 23:59:10.607,523.3179931640625
198,2023-10-02 23:59:10.360,522.06201171875
199,2023-10-02 23:59:10.107,520.4783935546875
200,2023-10-02 23:59:09.857,522.06201171875
201,2023-10-02 23:59:09.607,521.40673828125
202,2023-10-02 23:59:09.360,521.0791015625
203,2023-10-02 23:59:09.110,519.0585327148438
204,2023-10-02 23:59:08.860,519.7684936523438
205,2023-10-02 23:59:08.610,521.7890014648438
206,2023-10-02 23:59:08.357,519.38623046875
207,2023-10-02 23:59:08.110,518.67626953125
208,2023-10-02 23:59:07.860,520.4237670898438
209,2023-10-02 23:59:07.610,521.40673828125
210,2023-10-02 23:59:07.357,520.5875854492188
211,2023-10-02 23:59:07.107,519.9868774414062
212,2023-10-02 23:59:06.857,519.877685546875
213,2023-10-02 23:59:06.610,520.2599487304688
214,2023-10-02 23:59:06.360,523.2088012695312
215,2023-10-02 23:59:06.107,521.0244750976562
216,2023-10-02 23:59:05.857,520.4237670898438
217,2023-10-02 23:59:05.607,520.7514038085938
218,2023-10-02 23:59:05.357,522.3897094726562
219,2023-10-02 23:59:05.110,522.4442749023438
220,2023-10-02 23:59:04.857,520.4783935546875
221,2023-10-02 23:59:04.607,520.8060302734375
222,2023-10-02 23:59:04.357,521.5159301757812
223,2023-10-02 23:59:04.107,521.3521118164062
224,2023-10-02 23:59:03.857,521.8436279296875
225,2023-10-02 23:59:03.607,522.06201171875
226,2023-10-02 23:59:03.357,522.9904174804688
227,2023-10-02 23:59:03.107,520.8060302734375
228,2023-10-02 23:59:02.857,521.0244750976562
229,2023-10-02 23:59:02.607,520.69677734375
230,2023-10-02 23:59:02.357,520.8606567382812
231,2023-10-02 23:59:02.103,521.6797485351562
232,2023-10-02 23:59:01.857,521.1336669921875
233,2023-10-02 23:59:01.607,519.4954223632812
234,2023-10-02 23:59:01.353,522.6627197265625
235,2023-10-02 23:59:01.103,521.3521118164062
236,2023-10-02 23:59:00.853,521.0791015625
237,2023-10-02 23:59:00.607,521.0791015625
238,2023-10-02 23:59:00.353,521.6251220703125
239,2023-10-02 23:59:00.103,522.3897094726562
240,2023-10-02 23:58:59.853,521.7890014648438
241,2023-10-02 23:58:59.603,521.5159301757812
242,2023-10-02 23:58:59.350,521.5159301757812
243,2023-10-02 23:58:59.103,521.40673828125
244,2023-10-02 23:58:58.850,522.4442749023438
245,2023-10-02 23:58:58.600,522.3350830078125
246,2023-10-02 23:58:58.353,521.2428588867188
247,2023-10-02 23:58:58.103,520.2599487304688
248,2023-10-02 23:58:57.853,522.1712646484375
249,2023-10-02 23:58:57.603,521.3521118164062
250,2023-10-02 23:58:57.353,522.4442749023438
251,2023-10-02 23:58:57.103,521.6797485351562
252,2023-10-02 23:58:56.850,522.935791015625
253,2023-10-02 23:58:56.603,521.5159301757812
254,2023-10-02 23:58:56.353,520.4237670898438
255,2023-10-02 23:58:56.100,520.4237670898438
256,2023-10-02 23:58:55.850,520.5330200195312
257,2023-10-02 23:58:55.600,520.8606567382812
258,2023-10-02 23:58:55.350,521.9528198242188
259,2023-10-02 23:58:55.103,521.8436279296875
260,2023-10-02 23:58:54.850,520.69677734375
261,2023-10-02 23:58:54.600,521.2428588867188
262,2023-10-02 23:58:54.353,522.1712646484375
263,2023-10-02 23:58:54.100,521.5159301757812
264,2023-10-02 23:58:53.850,520.1507568359375
265,2023-10-02 23:58:53.600,520.5330200195312
266,2023-10-02 23:58:53.347,521.570556640625
267,2023-10-02 23:58:53.100,520.5330200195312
268,2023-10-02 23:58:52.850,523.2088012695312
269,2023-10-02 23:58:52.600,522.935791015625
270,2023-10-02 23:58:52.350,522.06201171875
271,2023-10-02 23:58:52.100,524.4102172851562
272,2023-10-02 23:58:51.850,524.0825805664062
273,2023-10-02 23:58:51.597,522.2258911132812
274,2023-10-02 23:58:51.350,522.8811645507812
275,2023-10-02 23:58:51.097,523.3179931640625
276,2023-10-02 23:58:50.850,521.6251220703125
277,2023-10-02 23:58:50.597,522.1166381835938
278,2023-10-02 23:58:50.347,522.2258911132812
279,2023-10-02 23:58:50.097,523.7003173828125
280,2023-10-02 23:58:49.847,524.2463989257812
281,2023-10-02 23:58:49.600,525.0655517578125
282,2023-10-02 23:58:49.350,523.2088012695312
283,2023-10-02 23:58:49.097,524.0279541015625
284,2023-10-02 23:58:48.850,524.0825805664062
285,2023-10-02 23:58:48.597,525.2293701171875
286,2023-10-02 23:58:48.350,524.3556518554688
287,2023-10-02 23:58:48.097,524.6832885742188
288,2023-10-02 23:58:47.850,523.8641357421875
289,2023-10-02 23:58:47.600,523.4273071289062
290,2023-10-02 23:58:47.347,524.628662109375
291,2023-10-02 23:58:47.093,523.9733276367188
292,2023-10-02 23:58:46.847,525.4478149414062
293,2023-10-02 23:58:46.597,523.8641357421875
294,2023-10-02 23:58:46.347,525.3931884765625
295,2023-10-02 23:58:46.093,528.1236572265625
296,2023-10-02 23:58:45.847,524.301025390625
297,2023-10-02 23:58:45.593,526.0485229492188
298,2023-10-02 23:58:45.347,527.359130859375
299,2023-10-02 23:58:45.093,530.5810546875
300,2023-10-02 23:58:44.843,536.9157104492188
301,2023-10-02 23:58:44.593,547.5098266601562
302,2023-10-02 23:58:44.343,558.923095703125
303,2023-10-02 23:58:44.093,576.7256469726562
304,2023-10-02 23:58:43.840,606.2145385742188
305,2023-10-02 23:58:43.593,655.1441650390625
306,2023-10-02 23:58:43.340,718.9274291992188
307,2023-10-02 23:58:43.090,809.4146118164062
308,2023-10-02 23:58:42.840,581.2035522460938
309,2023-10-02 23:58:42.590,524.79248046875
310,2023-10-02 23:58:42.340,526.5945434570312
311,2023-10-02 23:58:42.090,526.15771484375
312,2023-10-02 23:58:41.840,529.5980834960938
313,2023-10-02 23:58:41.590,530.3079833984375
314,2023-10-02 23:58:41.340,532.6016235351562
315,2023-10-02 23:58:41.090,533.966796875
316,2023-10-02 23:58:40.840,539.1000366210938
317,2023-10-02 23:58:40.590,550.1856689453125
318,2023-10-02 23:58:40.343,561.5443115234375
319,2023-10-02 23:58:40.090,586.773681640625
320,2023-10-02 23:58:39.840,620.085205078125
321,2023-10-02 23:58:39.587,669.6155395507812
322,2023-10-02 23:58:39.337,746.6688232421875
323,2023-10-02 23:58:39.090,849.6068115234375
324,2023-10-02 23:58:38.837,922.89208984375
325,2023-10-02 23:58:38.587,568.6434936523438
326,2023-10-02 23:58:38.337,523.591064453125
327,2023-10-02 23:58:38.087,525.0655517578125
328,2023-10-02 23:58:37.837,525.2293701171875
329,2023-10-02 23:58:37.587,526.7584228515625
330,2023-10-02 23:58:37.337,525.3931884765625
331,2023-10-02 23:58:37.087,525.666259765625
332,2023-10-02 23:58:36.837,526.4307861328125
333,2023-10-02 23:58:36.583,529.3250732421875
334,2023-10-02 23:58:36.333,530.5810546875
335,2023-10-02 23:58:36.083,534.3490600585938
336,2023-10-02 23:58:35.833,539.6461181640625
337,2023-10-02 23:58:35.583,547.5098266601562
338,2023-10-02 23:58:35.330,563.8379516601562
339,2023-10-02 23:58:35.080,587.3197631835938
340,2023-10-02 23:58:34.830,626.1467895507812
341,2023-10-02 23:58:34.580,599.7706298828125
342,2023-10-02 23:58:34.330,560.3975219726562
343,2023-10-02 23:58:34.080,523.0450439453125
344,2023-10-02 23:58:33.830,523.591064453125
345,2023-10-02 23:58:33.580,523.7003173828125
346,2023-10-02 23:58:33.330,523.5364990234375
347,2023-10-02 23:58:33.080,523.8641357421875
348,2023-10-02 23:58:32.830,522.77197265625
349,2023-10-02 23:58:32.580,523.263427734375
350,2023-10-02 23:58:32.327,524.5194091796875
351,2023-10-02 23:58:32.080,524.4102172851562
352,2023-10-02 23:58:31.827,523.9733276367188
353,2023-10-02 23:58:31.580,525.3931884765625
354,2023-10-02 23:58:31.327,527.4136962890625
355,2023-10-02 23:58:31.080,526.15771484375
356,2023-10-02 23:58:30.830,529.2158203125
357,2023-10-02 23:58:30.580,530.3079833984375
358,2023-10-02 23:58:30.330,534.9497680664062
359,2023-10-02 23:58:30.080,537.1341552734375
360,2023-10-02 23:58:29.830,544.2333374023438
361,2023-10-02 23:58:29.577,553.5714111328125
362,2023-10-02 23:58:29.330,571.2101440429688
363,2023-10-02 23:58:29.077,597.47705078125
364,2023-10-02 23:58:28.827,637.4508666992188
365,2023-10-02 23:58:28.577,700.1965942382812
366,2023-10-02 23:58:28.327,784.458251953125
367,2023-10-02 23:58:28.077,785.9873046875
368,2023-10-02 23:58:27.827,569.135009765625
369,2023-10-02 23:58:27.577,525.1747436523438
370,2023-10-02 23:58:27.327,523.1542358398438
371,2023-10-02 23:58:27.077,526.4307861328125
372,2023-10-02 23:58:26.827,527.52294921875
373,2023-10-02 23:58:26.577,530.3626098632812
374,2023-10-02 23:58:26.327,534.9497680664062
375,2023-10-02 23:58:26.077,538.1716918945312
376,2023-10-02 23:58:25.827,543.6871948242188
377,2023-10-02 23:58:25.577,557.4486694335938
378,2023-10-02 23:58:25.327,580.1113891601562
379,2023-10-02 23:58:25.077,610.3101806640625
380,2023-10-02 23:58:24.827,657.765380859375
381,2023-10-02 23:58:24.577,724.8252563476562
382,2023-10-02 23:58:24.327,822.7938232421875
383,2023-10-02 23:58:24.077,951.0157470703124
384,2023-10-02 23:58:23.827,797.3460083007812
385,2023-10-02 23:58:23.573,522.8811645507812
386,2023-10-02 23:58:23.327,523.263427734375
387,2023-10-02 23:58:23.073,523.263427734375
388,2023-10-02 23:58:22.827,522.6627197265625
389,2023-10-02 23:58:22.573,522.4989013671875
390,2023-10-02 23:58:22.327,526.2669067382812
391,2023-10-02 23:58:22.073,524.79248046875
392,2023-10-02 23:58:21.823,528.342041015625
393,2023-10-02 23:58:21.573,529.7073364257812
394,2023-10-02 23:58:21.327,531.3455810546875
395,2023-10-02 23:58:21.077,537.0794677734375
396,2023-10-02 23:58:20.827,544.50634765625
397,2023-10-02 23:58:20.573,558.431640625
398,2023-10-02 23:58:20.327,576.8348388671875
399,2023-10-02 23:58:20.077,604.9038696289062
400,2023-10-02 23:58:19.827,607.525146484375
401,2023-10-02 23:58:19.573,564.1655883789062
402,2023-10-02 23:58:19.323,523.263427734375
403,2023-10-02 23:58:19.073,521.3521118164062
404,2023-10-02 23:58:18.823,521.8436279296875
405,2023-10-02 23:58:18.573,520.7514038085938
406,2023-10-02 23:58:18.327,523.2088012695312
407,2023-10-02 23:58:18.073,522.4989013671875
408,2023-10-02 23:58:17.823,522.3350830078125
409,2023-10-02 23:58:17.573,523.1542358398438
410,2023-10-02 23:58:17.323,521.898193359375
411,2023-10-02 23:58:17.073,524.956298828125
412,2023-10-02 23:58:16.823,524.301025390625
413,2023-10-02 23:58:16.570,525.8846435546875
414,2023-10-02 23:58:16.320,525.3931884765625
415,2023-10-02 23:58:16.070,527.9051513671875
416,2023-10-02 23:58:15.817,530.9633178710938
417,2023-10-02 23:58:15.567,532.0008544921875
418,2023-10-02 23:58:15.320,538.8270263671875
419,2023-10-02 23:58:15.067,543.9602661132812
420,2023-10-02 23:58:14.817,552.7522583007812
421,2023-10-02 23:58:14.567,570.1179809570312
422,2023-10-02 23:58:14.317,598.2415771484375
423,2023-10-02 23:58:14.067,638.9798583984375
424,2023-10-02 23:58:13.817,704.83837890625
425,2023-10-02 23:58:13.567,788.9908447265625
426,2023-10-02 23:58:13.317,792.4312133789062
427,2023-10-02 23:58:13.070,569.4080200195312
428,2023-10-02 23:58:12.817,527.7959594726562
429,2023-10-02 23:58:12.567,523.8641357421875
430,2023-10-02 23:58:12.317,525.6116333007812
431,2023-10-02 23:58:12.067,525.3931884765625
432,2023-10-02 23:58:11.817,527.6321411132812
433,2023-10-02 23:58:11.570,531.1817016601562
434,2023-10-02 23:58:11.317,535.495849609375
435,2023-10-02 23:58:11.067,544.5609130859375
436,2023-10-02 23:58:10.817,555.7557983398438
437,2023-10-02 23:58:10.567,575.4150390625
438,2023-10-02 23:58:10.317,601.9549560546875
439,2023-10-02 23:58:10.067,649.3555908203125
440,2023-10-02 23:58:09.817,714.1218872070312
441,2023-10-02 23:58:09.567,809.6329956054688
442,2023-10-02 23:58:09.317,933.267822265625
443,2023-10-02 23:58:09.067,931.73876953125
444,2023-10-02 23:58:08.817,522.9904174804688
445,2023-10-02 23:58:08.567,521.9528198242188
446,2023-10-02 23:58:08.317,521.6251220703125
447,2023-10-02 23:58:08.063,521.7890014648438
448,2023-10-02 23:58:07.813,523.5364990234375
449,2023-10-02 23:58:07.567,523.4818725585938
450,2023-10-02 23:58:07.313,525.3931884765625
451,2023-10-02 23:58:07.063,525.3931884765625
452,2023-10-02 23:58:06.813,526.2669067382812
453,2023-10-02 23:58:06.563,534.3490600585938
454,2023-10-02 23:58:06.313,538.0078735351562
455,2023-10-02 23:58:06.063,541.7213134765625
456,2023-10-02 23:58:05.813,552.0969848632812
457,2023-10-02 23:58:05.563,570.7186279296875
458,2023-10-02 23:58:05.313,602.6649169921875
459,2023-10-02 23:58:05.063,611.6754150390625
460,2023-10-02 23:58:04.817,567.1690673828125
461,2023-10-02 23:58:04.563,521.570556640625
462,2023-10-02 23:58:04.313,521.898193359375
463,2023-10-02 23:58:04.067,524.5194091796875
464,2023-10-02 23:58:03.813,524.4102172851562
465,2023-10-02 23:58:03.563,521.0244750976562
466,2023-10-02 23:58:03.313,520.5875854492188
467,2023-10-02 23:58:03.060,521.3521118164062
468,2023-10-02 23:58:02.810,520.9698486328125
469,2023-10-02 23:58:02.560,521.6797485351562
470,2023-10-02 23:58:02.310,523.9733276367188
471,2023-10-02 23:58:02.060,522.4989013671875
472,2023-10-02 23:58:01.810,523.3179931640625
473,2023-10-02 23:58:01.560,523.8641357421875
474,2023-10-02 23:58:01.310,524.4102172851562
475,2023-10-02 23:58:01.057,527.3045043945312
476,2023-10-02 23:58:00.810,526.8676147460938
477,2023-10-02 23:58:00.560,527.3045043945312
478,2023-10-02 23:58:00.307,531.7278442382812
479,2023-10-02 23:58:00.057,534.3490600585938
480,2023-10-02 23:57:59.807,543.9056396484375
481,2023-10-02 23:57:59.557,553.8991088867188
482,2023-10-02 23:57:59.307,573.0122680664062
483,2023-10-02 23:57:59.060,601.6273193359375
484,2023-10-02 23:57:58.810,641.1642456054688
485,2023-10-02 23:57:58.560,706.9681396484375
486,2023-10-02 23:57:58.310,797.400634765625
487,2023-10-02 23:57:58.060,761.5225219726562
488,2023-10-02 23:57:57.807,543.2503051757812
489,2023-10-02 23:57:57.560,524.0825805664062
490,2023-10-02 23:57:57.307,524.6832885742188
491,2023-10-02 23:57:57.057,525.1201782226562
492,2023-10-02 23:57:56.807,527.0860595703125
493,2023-10-02 23:57:56.557,532.0554809570312
494,2023-10-02 23:57:56.307,532.0008544921875
495,2023-10-02 23:57:56.057,536.4241943359375
496,2023-10-02 23:57:55.803,548.0013427734375
497,2023-10-02 23:57:55.553,559.2507934570312
498,2023-10-02 23:57:55.303,578.9100341796875
499,2023-10-02 23:57:55.053,610.910888671875
500,2023-10-02 23:57:54.800,661.5880126953125
501,2023-10-02 23:57:54.553,734.1087646484375
502,2023-10-02 23:57:54.303,836.9921875
503,2023-10-02 23:57:54.053,940.7492065429688
504,2023-10-02 23:57:53.800,582.6780395507812
505,2023-10-02 23:57:53.550,520.5875854492188
506,2023-10-02 23:57:53.300,520.8606567382812
507,2023-10-02 23:57:53.050,521.0244750976562
508,2023-10-02 23:57:52.797,523.1542358398438
509,2023-10-02 23:57:52.550,524.0279541015625
510,2023-10-02 23:57:52.300,526.8676147460938
511,2023-10-02 23:57:52.050,524.956298828125
512,2023-10-02 23:57:51.800,526.7037963867188
513,2023-10-02 23:57:51.547,528.5059204101562
514,2023-10-02 23:57:51.297,534.8951416015625
515,2023-10-02 23:57:51.047,538.9908447265625
516,2023-10-02 23:57:50.797,545.5439453125
517,2023-10-02 23:57:50.547,561.9265747070312
518,2023-10-02 23:57:50.293,589.6134033203125
519,2023-10-02 23:57:50.047,614.5150756835938
520,2023-10-02 23:57:49.793,605.5045776367188
521,2023-10-02 23:57:49.547,562.47265625
522,2023-10-02 23:57:49.293,523.591064453125
523,2023-10-02 23:57:49.047,522.608154296875
524,2023-10-02 23:57:48.793,522.608154296875
525,2023-10-02 23:57:48.543,522.6627197265625
526,2023-10-02 23:57:48.293,522.4442749023438
527,2023-10-02 23:57:48.047,523.3179931640625
528,2023-10-02 23:57:47.793,524.3556518554688
529,2023-10-02 23:57:47.543,523.7003173828125
530,2023-10-02 23:57:47.290,524.0825805664062
531,2023-10-02 23:57:47.043,524.3556518554688
532,2023-10-02 23:57:46.793,525.2293701171875
533,2023-10-02 23:57:46.543,527.0860595703125
534,2023-10-02 23:57:46.293,525.993896484375
535,2023-10-02 23:57:46.047,525.3931884765625
536,2023-10-02 23:57:45.793,527.1406860351562
537,2023-10-02 23:57:45.543,529.2158203125
538,2023-10-02 23:57:45.293,532.1647338867188
539,2023-10-02 23:57:45.043,534.8951416015625
540,2023-10-02 23:57:44.790,543.1957397460938
541,2023-10-02 23:57:44.543,561.48974609375
542,2023-10-02 23:57:44.290,574.541259765625
543,2023-10-02 23:57:44.043,604.8492431640625
544,2023-10-02 23:57:43.790,646.8435668945312
545,2023-10-02 23:57:43.543,713.0842895507812
546,2023-10-02 23:57:43.290,805.3189697265625
547,2023-10-02 23:57:43.043,785.71435546875
548,2023-10-02 23:57:42.790,542.43115234375
549,2023-10-02 23:57:42.543,526.321533203125
550,2023-10-02 23:57:42.290,523.7548828125
551,2023-10-02 23:57:42.043,528.4512939453125
552,2023-10-02 23:57:41.790,528.2328491210938
553,2023-10-02 23:57:41.540,528.9427490234375
554,2023-10-02 23:57:41.290,535.5504760742188
555,2023-10-02 23:57:41.040,538.4993286132812
556,2023-10-02 23:57:40.790,544.833984375
557,2023-10-02 23:57:40.540,558.923095703125
558,2023-10-02 23:57:40.290,581.4219970703125
559,2023-10-02 23:57:40.040,616.4263916015625
560,2023-10-02 23:57:39.790,663.9362182617188
561,2023-10-02 23:57:39.537,737.8768310546875
562,2023-10-02 23:57:39.287,840.869384765625
563,2023-10-02 23:57:39.040,945.117919921875
564,2023-10-02 23:57:38.790,596.2210693359375
565,2023-10-02 23:57:38.540,524.5194091796875
566,2023-10-02 23:57:38.290,525.1201782226562
567,2023-10-02 23:57:38.040,522.2258911132812
568,2023-10-02 23:57:37.787,525.2293701171875
569,2023-10-02 23:57:37.540,525.6116333007812
570,2023-10-02 23:57:37.287,524.0279541015625
571,2023-10-02 23:57:37.037,527.5775756835938
572,2023-10-02 23:57:36.787,530.5264282226562
573,2023-10-02 23:57:36.537,530.089599609375
574,2023-10-02 23:57:36.287,533.3114624023438
575,2023-10-02 23:57:36.037,539.4276733398438
576,2023-10-02 23:57:35.787,545.0524291992188
577,2023-10-02 23:57:35.533,560.3975219726562
578,2023-10-02 23:57:35.287,578.0362548828125
579,2023-10-02 23:57:35.037,612.9860229492188
580,2023-10-02 23:57:34.787,585.736083984375
581,2023-10-02 23:57:34.537,563.6194458007812
582,2023-10-02 23:57:34.287,522.608154296875
583,2023-10-02 23:57:34.037,521.6797485351562
584,2023-10-02 23:57:33.787,521.9528198242188
585,2023-10-02 23:57:33.537,520.4783935546875
586,2023-10-02 23:57:33.287,521.1336669921875
587,2023-10-02 23:57:33.037,523.4818725585938
588,2023-10-02 23:57:32.787,522.6627197265625
589,2023-10-02 23:57:32.537,521.8436279296875
590,2023-10-02 23:57:32.287,523.0450439453125
591,2023-10-02 23:57:32.037,521.1336669921875
592,2023-10-02 23:57:31.787,522.6627197265625
593,2023-10-02 23:57:31.537,524.628662109375
594,2023-10-02 23:57:31.287,526.0485229492188
595,2023-10-02 23:57:31.037,524.79248046875
596,2023-10-02 23:57:30.787,525.8846435546875
597,2023-10-02 23:57:30.537,527.9051513671875
598,2023-10-02 23:57:30.287,530.6902465820312
599,2023-10-02 23:57:30.033,533.8576049804688
600,2023-10-02 23:57:29.783,540.1376342773438
601,2023-10-02 23:57:29.537,551.823974609375
602,2023-10-02 23:57:29.287,562.0358276367188
603,2023-10-02 23:57:29.033,586.8829345703125
604,2023-10-02 23:57:28.787,622.1603393554688
605,2023-10-02 23:57:28.533,675.2948608398438
606,2023-10-02 23:57:28.283,754.259521484375
607,2023-10-02 23:57:28.033,753.3857421875
608,2023-10-02 23:57:27.783,565.0939331054688
609,2023-10-02 23:57:27.533,523.1542358398438
610,2023-10-02 23:57:27.283,524.956298828125
611,2023-10-02 23:57:27.033,526.7584228515625
612,2023-10-02 23:57:26.783,526.7037963867188
613,2023-10-02 23:57:26.533,526.2669067382812
614,2023-10-02 23:57:26.280,529.3250732421875
615,2023-10-02 23:57:26.033,528.17822265625
616,2023-10-02 23:57:25.783,531.7278442382812
617,2023-10-02 23:57:25.530,534.6221313476562
618,2023-10-02 23:57:25.280,543.7418212890625
619,2023-10-02 23:57:25.030,548.6566162109375
620,2023-10-02 23:57:24.780,558.3770141601562
621,2023-10-02 23:57:24.527,575.0327758789062
622,2023-10-02 23:57:24.280,601.900390625
623,2023-10-02 23:57:24.030,627.0751342773438
624,2023-10-02 23:57:23.780,671.19921875
625,2023-10-02 23:57:23.530,724.7160034179688
626,2023-10-02 23:57:23.280,798.2197875976562
627,2023-10-02 23:57:23.027,887.013916015625
628,2023-10-02 23:57:22.780,904.4888916015624
629,2023-10-02 23:57:22.527,630.0786743164062
630,2023-10-02 23:57:22.277,537.4617309570312
631,2023-10-02 23:57:22.027,523.4818725585938
632,2023-10-02 23:57:21.777,523.8095092773438
633,2023-10-02 23:57:21.527,524.2463989257812
634,2023-10-02 23:57:21.277,525.9392700195312
635,2023-10-02 23:57:21.027,525.0655517578125
636,2023-10-02 23:57:20.777,527.2498779296875
637,2023-10-02 23:57:20.530,527.1406860351562
638,2023-10-02 23:57:20.277,528.88818359375
639,2023-10-02 23:57:20.027,527.0860595703125
640,2023-10-02 23:57:19.777,528.9427490234375
641,2023-10-02 23:57:19.527,529.2158203125
642,2023-10-02 23:57:19.277,535.495849609375
643,2023-10-02 23:57:19.023,538.4993286132812
644,2023-10-02 23:57:18.773,541.0113525390625
645,2023-10-02 23:57:18.527,546.9637451171875
646,2023-10-02 23:57:18.273,557.1756591796875
647,2023-10-02 23:57:18.027,569.1896362304688
648,2023-10-02 23:57:17.777,590.7055053710938
649,2023-10-02 23:57:17.523,616.6448364257812
650,2023-10-02 23:57:17.273,626.9113159179688
651,2023-10-02 23:57:17.023,666.284423828125
652,2023-10-02 23:57:16.773,553.0253295898438
653,2023-10-02 23:57:16.527,524.9016723632812
654,2023-10-02 23:57:16.273,523.591064453125
655,2023-10-02 23:57:16.023,522.8811645507812
656,2023-10-02 23:57:15.770,524.301025390625
657,2023-10-02 23:57:15.523,523.591064453125
658,2023-10-02 23:57:15.273,525.4478149414062
659,2023-10-02 23:57:15.023,525.7754516601562
660,2023-10-02 23:57:14.770,523.7003173828125
661,2023-10-02 23:57:14.523,524.628662109375
662,2023-10-02 23:57:14.273,523.591064453125
663,2023-10-02 23:57:14.023,522.8811645507812
664,2023-10-02 23:57:13.773,523.5364990234375
665,2023-10-02 23:57:13.523,526.7037963867188
666,2023-10-02 23:57:13.273,526.5399780273438
667,2023-10-02 23:57:13.027,526.8130493164062
668,2023-10-02 23:57:12.773,525.9392700195312
669,2023-10-02 23:57:12.527,527.0314331054688
670,2023-10-02 23:57:12.273,526.8676147460938
671,2023-10-02 23:57:12.023,528.6151123046875
672,2023-10-02 23:57:11.773,527.0314331054688
673,2023-10-02 23:57:11.523,533.0384521484375
674,2023-10-02 23:57:11.270,532.0008544921875
675,2023-10-02 23:57:11.023,535.2227783203125
676,2023-10-02 23:57:10.773,542.0488891601562
677,2023-10-02 23:57:10.523,547.2913818359375
678,2023-10-02 23:57:10.273,560.12451171875
679,2023-10-02 23:57:10.023,567.93359375
680,2023-10-02 23:57:09.773,588.2481079101562
681,2023-10-02 23:57:09.523,614.0781860351562
682,2023-10-02 23:57:09.273,650.0109252929688
683,2023-10-02 23:57:09.023,703.2000732421875
684,2023-10-02 23:57:08.773,782.437744140625
685,2023-10-02 23:57:08.523,853.59326171875
686,2023-10-02 23:57:08.270,575.578857421875
687,2023-10-02 23:57:08.020,523.7003173828125
688,2023-10-02 23:57:07.767,524.5740356445312
689,2023-10-02 23:57:07.520,526.4307861328125
690,2023-10-02 23:57:07.267,527.9598388671875
691,2023-10-02 23:57:07.020,528.4512939453125
692,2023-10-02 23:57:06.767,532.8745727539062
693,2023-10-02 23:57:06.520,536.6426391601562
694,2023-10-02 23:57:06.267,543.2503051757812
695,2023-10-02 23:57:06.017,555.8103637695312
696,2023-10-02 23:57:05.767,577.5994262695312
697,2023-10-02 23:57:05.517,603.2109985351562
698,2023-10-02 23:57:05.267,650.5570068359375
699,2023-10-02 23:57:05.017,717.562255859375
700,2023-10-02 23:57:04.763,814.3294067382812
701,2023-10-02 23:57:04.513,940.203125
702,2023-10-02 23:57:04.263,727.7195434570312
703,2023-10-02 23:57:04.013,523.1542358398438
704,2023-10-02 23:57:03.763,524.6832885742188
705,2023-10-02 23:57:03.513,522.2258911132812
706,2023-10-02 23:57:03.263,522.608154296875
707,2023-10-02 23:57:03.013,524.0279541015625
708,2023-10-02 23:57:02.763,527.4136962890625
709,2023-10-02 23:57:02.513,526.0485229492188
710,2023-10-02 23:57:02.263,527.6321411132812
711,2023-10-02 23:57:02.013,529.54345703125
712,2023-10-02 23:57:01.763,532.765380859375
713,2023-10-02 23:57:01.513,535.33203125
714,2023-10-02 23:57:01.263,548.5474243164062
715,2023-10-02 23:57:01.013,558.3770141601562
716,2023-10-02 23:57:00.760,581.14892578125
717,2023-10-02 23:57:00.510,611.7846069335938
718,2023-10-02 23:57:00.260,586.1183471679688
719,2023-10-02 23:57:00.010,562.5819091796875
720,2023-10-02 23:56:59.760,523.2088012695312
721,2023-10-02 23:56:59.510,524.956298828125
722,2023-10-02 23:56:59.260,524.5740356445312
723,2023-10-02 23:56:59.007,524.9016723632812
724,2023-10-02 23:56:58.757,522.608154296875
725,2023-10-02 23:56:58.507,523.2088012695312
726,2023-10-02 23:56:58.257,522.3897094726562
727,2023-10-02 23:56:58.007,522.8811645507812
728,2023-10-02 23:56:57.757,524.0825805664062
729,2023-10-02 23:56:57.507,522.3897094726562
730,2023-10-02 23:56:57.257,523.5364990234375
731,2023-10-02 23:56:57.007,525.8846435546875
732,2023-10-02 23:56:56.757,525.3385620117188
733,2023-10-02 23:56:56.507,526.2669067382812
734,2023-10-02 23:56:56.257,528.2328491210938
735,2023-10-02 23:56:56.007,532.0554809570312
736,2023-10-02 23:56:55.757,532.9838256835938
737,2023-10-02 23:56:55.507,540.5198974609375
738,2023-10-02 23:56:55.257,552.4246215820312
739,2023-10-02 23:56:55.003,561.653564453125
740,2023-10-02 23:56:54.753,587.483642578125
741,2023-10-02 23:56:54.503,623.4163208007812
742,2023-10-02 23:56:54.253,678.4075927734375
743,2023-10-02 23:56:54.007,756.3346557617188
744,2023-10-02 23:56:53.753,772.608154296875
745,2023-10-02 23:56:53.503,564.2747802734375
746,2023-10-02 23:56:53.250,525.666259765625
747,2023-10-02 23:56:53.003,527.7959594726562
748,2023-10-02 23:56:52.753,526.2122802734375
749,2023-10-02 23:56:52.503,528.17822265625
750,2023-10-02 23:56:52.250,529.8165283203125
751,2023-10-02 23:56:52.003,533.1476440429688
752,2023-10-02 23:56:51.753,536.697265625
753,2023-10-02 23:56:51.503,545.2708740234375
754,2023-10-02 23:56:51.250,554.1174926757812
755,2023-10-02 23:56:51.003,570.2271728515625
756,2023-10-02 23:56:50.753,598.5692138671875
757,2023-10-02 23:56:50.500,640.126708984375
758,2023-10-02 23:56:50.250,701.2887573242188
759,2023-10-02 23:56:50.003,794.5609741210938
760,2023-10-02 23:56:49.753,913.2262573242188
761,2023-10-02 23:56:49.500,965.0502319335938
762,2023-10-02 23:56:49.250,569.0257568359375
763,2023-10-02 23:56:49.003,523.8641357421875
764,2023-10-02 23:56:48.753,523.7548828125
765,2023-10-02 23:56:48.500,522.4442749023438
766,2023-10-02 23:56:48.250,523.7548828125
767,2023-10-02 23:56:48.000,522.935791015625
768,2023-10-02 23:56:47.750,525.6116333007812
769,2023-10-02 23:56:47.500,525.993896484375
770,2023-10-02 23:56:47.250,529.4888305664062
771,2023-10-02 23:56:47.000,529.4888305664062
772,2023-10-02 23:56:46.750,535.6051025390625
773,2023-10-02 23:56:46.500,545.0524291992188
774,2023-10-02 23:56:46.250,558.7046508789062
775,2023-10-02 23:56:46.000,574.3228759765625
776,2023-10-02 23:56:45.750,600.1528930664062
777,2023-10-02 23:56:45.500,633.2459716796875
778,2023-10-02 23:56:45.250,576.1249389648438
779,2023-10-02 23:56:44.997,521.570556640625
780,2023-10-02 23:56:44.747,521.6797485351562
781,2023-10-02 23:56:44.497,520.2599487304688
782,2023-10-02 23:56:44.247,520.1507568359375
783,2023-10-02 23:56:44.000,521.2974853515625
784,2023-10-02 23:56:43.750,522.935791015625
785,2023-10-02 23:56:43.503,521.7890014648438
786,2023-10-02 23:56:43.250,520.4783935546875
787,2023-10-02 23:56:43.000,521.3521118164062
788,2023-10-02 23:56:42.747,520.04150390625
789,2023-10-02 23:56:42.497,524.8471069335938
790,2023-10-02 23:56:42.250,522.4442749023438
791,2023-10-02 23:56:41.997,521.7890014648438
792,2023-10-02 23:56:41.747,523.0450439453125
793,2023-10-02 23:56:41.497,522.4989013671875
794,2023-10-02 23:56:41.247,521.8436279296875
795,2023-10-02 23:56:40.997,523.1542358398438
796,2023-10-02 23:56:40.747,519.9868774414062
797,2023-10-02 23:56:40.497,523.263427734375
798,2023-10-02 23:56:40.247,522.06201171875
799,2023-10-02 23:56:39.997,521.3521118164062
800,2023-10-02 23:56:39.747,519.9868774414062
801,2023-10-02 23:56:39.497,522.8811645507812
802,2023-10-02 23:56:39.247,522.9904174804688
803,2023-10-02 23:56:38.997,521.9528198242188
804,2023-10-02 23:56:38.747,521.2428588867188
805,2023-10-02 23:56:38.497,519.6592407226562
806,2023-10-02 23:56:38.247,521.0244750976562
807,2023-10-02 23:56:37.997,523.0450439453125
808,2023-10-02 23:56:37.743,521.3521118164062
809,2023-10-02 23:56:37.493,521.898193359375
810,2023-10-02 23:56:37.247,521.5159301757812
811,2023-10-02 23:56:36.997,521.898193359375
812,2023-10-02 23:56:36.743,523.7003173828125
813,2023-10-02 23:56:36.497,522.8811645507812
814,2023-10-02 23:56:36.247,522.4989013671875
815,2023-10-02 23:56:35.993,522.4989013671875
816,2023-10-02 23:56:35.747,522.4442749023438
817,2023-10-02 23:56:35.493,523.7003173828125
818,2023-10-02 23:56:35.243,523.263427734375
819,2023-10-02 23:56:34.993,520.8606567382812
820,2023-10-02 23:56:34.743,522.77197265625
821,2023-10-02 23:56:34.493,523.1542358398438
822,2023-10-02 23:56:34.243,523.0450439453125
823,2023-10-02 23:56:33.993,521.7890014648438
824,2023-10-02 23:56:33.743,522.4442749023438
825,2023-10-02 23:56:33.493,520.3145141601562
826,2023-10-02 23:56:33.247,520.5330200195312
827,2023-10-02 23:56:32.993,521.8436279296875
828,2023-10-02 23:56:32.743,522.7173461914062
829,2023-10-02 23:56:32.493,524.9016723632812
830,2023-10-02 23:56:32.243,524.0279541015625
831,2023-10-02 23:56:31.993,524.79248046875
832,2023-10-02 23:56:31.743,525.3385620117188
833,2023-10-02 23:56:31.493,524.956298828125
834,2023-10-02 23:56:31.243,523.8095092773438
835,2023-10-02 23:56:30.993,524.8471069335938
836,2023-10-02 23:56:30.743,523.0450439453125
837,2023-10-02 23:56:30.493,525.993896484375
838,2023-10-02 23:56:30.247,523.9733276367188
839,2023-10-02 23:56:29.993,527.9598388671875
840,2023-10-02 23:56:29.743,530.5264282226562
841,2023-10-02 23:56:29.493,533.0384521484375
842,2023-10-02 23:56:29.243,533.6937255859375
843,2023-10-02 23:56:28.993,537.3525390625
844,2023-10-02 23:56:28.743,548.1105346679688
845,2023-10-02 23:56:28.490,561.3805541992188
846,2023-10-02 23:56:28.243,584.2070922851562
847,2023-10-02 23:56:27.990,617.5186157226562
848,2023-10-02 23:56:27.743,672.89208984375
849,2023-10-02 23:56:27.493,746.0681762695312
850,2023-10-02 23:56:27.243,747.1603393554688
851,2023-10-02 23:56:26.990,569.8994750976562
852,2023-10-02 23:56:26.740,524.5740356445312
853,2023-10-02 23:56:26.493,527.5775756835938
854,2023-10-02 23:56:26.240,525.9392700195312
855,2023-10-02 23:56:25.987,529.1611938476562
856,2023-10-02 23:56:25.740,529.4888305664062
857,2023-10-02 23:56:25.490,534.6767578125
858,2023-10-02 23:56:25.240,536.2603759765625
859,2023-10-02 23:56:24.987,544.2879028320312
860,2023-10-02 23:56:24.740,552.2608032226562
861,2023-10-02 23:56:24.490,567.6605834960938
862,2023-10-02 23:56:24.240,592.3983764648438
863,2023-10-02 23:56:23.990,635.9763793945312
864,2023-10-02 23:56:23.740,694.3533935546875
865,2023-10-02 23:56:23.487,783.6390991210938
866,2023-10-02 23:56:23.240,902.1952514648438
867,2023-10-02 23:56:22.990,968.8729248046876
868,2023-10-02 23:56:22.737,570.2271728515625
869,2023-10-02 23:56:22.490,524.8471069335938
870,2023-10-02 23:56:22.240,523.4273071289062
871,2023-10-02 23:56:21.990,524.1371459960938
872,2023-10-02 23:56:21.740,524.3556518554688
873,2023-10-02 23:56:21.487,526.5945434570312
874,2023-10-02 23:56:21.237,527.7959594726562
875,2023-10-02 23:56:20.987,528.9427490234375
876,2023-10-02 23:56:20.740,528.342041015625
877,2023-10-02 23:56:20.487,532.5469970703125
878,2023-10-02 23:56:20.240,533.8576049804688
879,2023-10-02 23:56:19.987,544.4517211914062
880,2023-10-02 23:56:19.737,554.9912719726562
881,2023-10-02 23:56:19.487,572.3023071289062
882,2023-10-02 23:56:19.237,601.5726928710938
883,2023-10-02 23:56:18.987,640.29052734375
884,2023-10-02 23:56:18.737,587.0467529296875
885,2023-10-02 23:56:18.487,524.301025390625
886,2023-10-02 23:56:18.237,523.3179931640625
887,2023-10-02 23:56:17.987,522.6627197265625
888,2023-10-02 23:56:17.737,523.0450439453125
889,2023-10-02 23:56:17.487,523.7003173828125
890,2023-10-02 23:56:17.233,522.1166381835938
891,2023-10-02 23:56:16.987,523.263427734375
892,2023-10-02 23:56:16.737,521.0791015625
893,2023-10-02 23:56:16.487,522.4989013671875
894,2023-10-02 23:56:16.237,523.1542358398438
895,2023-10-02 23:56:15.987,522.3350830078125
896,2023-10-02 23:56:15.737,524.0279541015625
897,2023-10-02 23:56:15.483,523.5364990234375
898,2023-10-02 23:56:15.233,524.6832885742188
899,2023-10-02 23:56:14.987,525.4478149414062
900,2023-10-02 23:56:14.733,526.5945434570312
901,2023-10-02 23:56:14.483,525.8846435546875
902,2023-10-02 23:56:14.233,525.7208251953125
903,2023-10-02 23:56:13.983,523.263427734375
904,2023-10-02 23:56:13.733,524.79248046875
905,2023-10-02 23:56:13.483,524.5194091796875
906,2023-10-02 23:56:13.233,523.4273071289062
907,2023-10-02 23:56:12.980,524.0279541015625
908,2023-10-02 23:56:12.730,526.2669067382812
909,2023-10-02 23:56:12.477,496.7234802246094
910,2023-10-02 23:56:12.227,524.956298828125
911,2023-10-02 23:56:11.977,524.8471069335938
912,2023-10-02 23:56:11.727,526.4853515625
913,2023-10-02 23:56:11.477,527.8505859375
914,2023-10-02 23:56:11.227,527.9051513671875
915,2023-10-02 23:56:10.977,530.089599609375
916,2023-10-02 23:56:10.727,532.8745727539062
917,2023-10-02 23:56:10.477,535.6051025390625
918,2023-10-02 23:56:10.223,543.7964477539062
919,2023-10-02 23:56:09.977,552.9707641601562
920,2023-10-02 23:56:09.727,569.9541015625
921,2023-10-02 23:56:09.477,596.7125854492188
922,2023-10-02 23:56:09.227,638.2153930664062
923,2023-10-02 23:56:08.977,700.6334228515625
924,2023-10-02 23:56:08.727,786.5333862304688
925,2023-10-02 23:56:08.477,720.0742797851562
926,2023-10-02 23:56:08.223,527.9598388671875
927,2023-10-02 23:56:07.973,525.2293701171875
928,2023-10-02 23:56:07.723,527.52294921875
929,2023-10-02 23:56:07.473,525.7208251953125
930,2023-10-02 23:56:07.223,526.2669067382812
931,2023-10-02 23:56:06.973,528.9973754882812
932,2023-10-02 23:56:06.723,533.6937255859375
933,2023-10-02 23:56:06.473,536.2603759765625
934,2023-10-02 23:56:06.223,546.0899658203125
935,2023-10-02 23:56:05.973,556.0834350585938
936,2023-10-02 23:56:05.723,576.1795043945312
937,2023-10-02 23:56:05.470,608.9995727539062
938,2023-10-02 23:56:05.223,661.861083984375
939,2023-10-02 23:56:04.970,729.7400512695312
940,2023-10-02 23:56:04.723,832.7872924804688
941,2023-10-02 23:56:04.470,921.690673828125
942,2023-10-02 23:56:04.223,576.3980102539062
943,2023-10-02 23:56:03.970,525.50244140625
944,2023-10-02 23:56:03.720,521.6251220703125
945,2023-10-02 23:56:03.470,523.4818725585938
946,2023-10-02 23:56:03.223,525.1201782226562
947,2023-10-02 23:56:02.973,524.9016723632812
948,2023-10-02 23:56:02.723,522.4989013671875
949,2023-10-02 23:56:02.470,526.7584228515625
950,2023-10-02 23:56:02.223,528.342041015625
951,2023-10-02 23:56:01.970,532.437744140625
952,2023-10-02 23:56:01.720,531.6732177734375
953,2023-10-02 23:56:01.470,538.553955078125
954,2023-10-02 23:56:01.223,547.728271484375
955,2023-10-02 23:56:00.970,561.1074829101562
956,2023-10-02 23:56:00.720,582.7872314453125
957,2023-10-02 23:56:00.470,616.3717651367188
958,2023-10-02 23:56:00.220,588.5758056640625
959,2023-10-02 23:55:59.970,560.8344116210938
960,2023-10-02 23:55:59.720,523.8641357421875
961,2023-10-02 23:55:59.470,522.4442749023438
962,2023-10-02 23:55:59.220,523.591064453125
963,2023-10-02 23:55:58.967,524.1371459960938
964,2023-10-02 23:55:58.720,523.0450439453125
965,2023-10-02 23:55:58.467,522.4442749023438
966,2023-10-02 23:55:58.220,521.9528198242188
967,2023-10-02 23:55:57.970,524.0825805664062
968,2023-10-02 23:55:57.720,524.5740356445312
969,2023-10-02 23:55:57.467,524.1371459960938
970,2023-10-02 23:55:57.220,523.5364990234375
971,2023-10-02 23:55:56.967,524.5194091796875
972,2023-10-02 23:55:56.720,524.5194091796875
973,2023-10-02 23:55:56.467,527.8505859375
974,2023-10-02 23:55:56.217,526.15771484375
975,2023-10-02 23:55:55.967,528.3966674804688
976,2023-10-02 23:55:55.717,530.4171752929688
977,2023-10-02 23:55:55.467,538.0625
978,2023-10-02 23:55:55.213,542.8680419921875
979,2023-10-02 23:55:54.963,553.0799560546875
980,2023-10-02 23:55:54.713,568.3158569335938
981,2023-10-02 23:55:54.467,592.6168823242188
982,2023-10-02 23:55:54.217,632.645263671875
983,2023-10-02 23:55:53.963,691.076904296875
984,2023-10-02 23:55:53.713,771.4613647460938
985,2023-10-02 23:55:53.467,844.9650268554688
986,2023-10-02 23:55:53.213,570.7186279296875
987,2023-10-02 23:55:52.963,523.8641357421875
988,2023-10-02 23:55:52.713,522.8811645507812
989,2023-10-02 23:55:52.463,524.628662109375
990,2023-10-02 23:55:52.213,527.0314331054688
991,2023-10-02 23:55:51.963,529.4342651367188
992,2023-10-02 23:55:51.713,535.0589599609375
993,2023-10-02 23:55:51.463,537.4071655273438
994,2023-10-02 23:55:51.213,544.2879028320312
995,2023-10-02 23:55:50.963,556.3565063476562
996,2023-10-02 23:55:50.710,573.7767944335938
997,2023-10-02 23:55:50.463,601.3543090820312
998,2023-10-02 23:55:50.210,648.263427734375
999,2023-10-02 23:55:49.960,710.790771484375
